id;account_number;login;password;mail;phone;notes;status;created_by;created_date;last_modified_by;last_modified_date
1;charlatan;impractical;after amidst;amongst beneath;564-214-1866 x515;ick;false;concerning;2025-04-23T20:13:52;mmm slowly;2025-04-24T02:45:28
2;uh-huh obnoxiously dulcimer;wriggler persecute;down who;hence;(554) 856-0882 x829;mid lest;false;bin gray ack;2025-04-24T09:55:00;ornate enrich traffic;2025-04-23T18:47:24
3;from triumphantly;circa;inveigle;appreciate strange beneath;(743) 967-0669;augment;true;beneficial far;2025-04-24T00:50:43;viciously now whether;2025-04-24T14:37:34
4;hospitable instead;minus likewise plastic;broadly joyous redevelop;pfft drat;1-716-903-8781 x217;designation before;false;reassuringly;2025-04-23T22:08:21;overheard than;2025-04-23T20:07:03
5;frivolous abaft gnash;gee speedy intermarry;misreport;throughout unless unscramble;(351) 373-8053 x7347;outside;true;yuck preclude delight;2025-04-23T22:10:10;sonata entwine stoop;2025-04-24T02:39:37
6;whenever;reborn aha;upwardly fully;reschedule huzzah lest;346.565.2183 x8348;of reconstitute;true;rigidly besides;2025-04-23T21:23:02;searchingly;2025-04-24T05:19:48
7;where whoever;thorn;blah;really after;1-232-484-2630 x3009;boohoo nor;false;designation;2025-04-24T14:09:42;down scrape;2025-04-24T09:03:26
8;tuber trolley upside-down;mythology;yet;fort even;1-625-493-7405 x53002;when;false;incidentally;2025-04-23T19:33:30;rubric taxicab;2025-04-24T05:04:14
9;excitedly;except yahoo;owlishly solemnly vastly;huzzah happy;596-410-7867;thorn innovate;true;oh glider coarse;2025-04-23T20:29:20;masticate dally;2025-04-23T23:06:57
10;curiously huzzah inconsequential;sheepishly traduce neighboring;whether urgently;towards stump;241-888-6667;contractor solvency;false;in jagged yahoo;2025-04-24T02:43:51;hunger;2025-04-24T05:44:52
