id;class_name;course_year;created_by;created_date;last_modified_by;last_modified_date
1;intervention supposing;drat;mysteriously;2025-04-23T18:51:53;geez dimly;2025-04-24T15:19:56
2;mismatch phew;through;untimely uselessly chilly;2025-04-24T09:02:14;worth abscond;2025-04-23T16:54:05
3;throughout ha inveigle;that pigpen mmm;pop ignite;2025-04-24T11:56:02;whenever eyebrow phew;2025-04-23T20:07:21
4;hydrolyze;underpants exactly;pish especially tarragon;2025-04-24T04:01:26;psst yippee behind;2025-04-24T02:20:06
5;briefly hungry;yuck;and whose;2025-04-24T15:18:02;zowie corny rigidly;2025-04-23T16:59:58
6;chops;furthermore though beside;mmm whoever hm;2025-04-24T09:04:06;shyly yet mild;2025-04-24T11:53:20
7;whose woot including;atrium convection;atop mystify;2025-04-23T23:32:24;within wordy;2025-04-24T06:26:36
8;hoick atop;reproachfully;ham;2025-04-24T15:00:24;lest;2025-04-23T16:51:04
9;warmhearted spectacles pacemaker;zowie since;immaculate openly;2025-04-24T09:46:24;midst pop implode;2025-04-24T04:08:16
10;so;while;humble;2025-04-23T21:27:59;scowl pave soon;2025-04-23T19:32:22
