id;status;created_by;created_date;last_modified_by;last_modified_date
1;true;weakly;2025-04-24T01:13:29;for toward;2025-04-23T16:42:07
2;true;converse aside eyebrow;2025-04-24T14:00:20;deficient;2025-04-24T09:08:38
3;false;noon;2025-04-24T02:01:25;urgently why;2025-04-24T15:23:08
4;false;larva rotten;2025-04-24T10:17:02;personalise furthermore nephew;2025-04-24T02:58:53
5;false;from shadowy academics;2025-04-23T20:03:15;ah against tighten;2025-04-24T11:32:51
6;false;um yeast;2025-04-24T13:21:21;trek;2025-04-23T21:05:20
7;false;unnecessarily boastfully who;2025-04-23T17:31:52;feather gadzooks what;2025-04-24T11:30:05
8;true;yawningly gee;2025-04-24T14:09:15;within gadzooks and;2025-04-24T12:23:12
9;true;boo;2025-04-24T03:19:59;burly;2025-04-24T11:59:46
10;false;woot;2025-04-24T15:47:11;parsnip;2025-04-23T20:40:20
