id;name;prefix;padding;number_next_actual;number_increment;created_by;created_date;last_modified_by;last_modified_date
1;seldom;ripe across hence;21698;29392;6402;sonar pfft on;2025-04-24T08:06:56;lecture lovable gosh;2025-04-24T14:21:19
2;curl likewise highly;provided orient;13340;20301;16001;lest retool;2025-04-23T22:59:01;amongst;2025-04-24T07:15:57
3;commemorate;yahoo boohoo meh;6535;26728;13132;vein daily;2025-04-24T07:27:16;boohoo;2025-04-24T05:43:13
4;barge next political;frankly;20299;19891;19664;unlike whether dental;2025-04-24T08:42:20;boo dishonor;2025-04-23T20:30:04
5;for outlying till;calculating yet wisecrack;20940;3435;10932;someplace entwine zowie;2025-04-24T12:52:08;chromakey functional barge;2025-04-24T04:40:40
6;tiny;as;30023;5505;1368;jaunty after;2025-04-24T14:20:16;quietly commandeer;2025-04-24T08:11:25
7;other;gah damp;30354;10436;27215;ignite;2025-04-23T19:52:50;yowza well kielbasa;2025-04-24T03:15:54
8;lone worth;shell during;19437;17663;15210;that;2025-04-23T23:32:44;decongestant oddly;2025-04-23T19:24:59
9;yellowish via yeast;prejudge energetically;8418;16638;3450;if unless;2025-04-24T06:10:17;mummify zowie phooey;2025-04-24T12:44:59
10;supposing zealous mmm;spherical;531;10240;21310;extension silt before;2025-04-24T00:56:48;fearless;2025-04-23T21:46:37
